{
    "name": "AzureDatabricks1",
    "properties": {
        "annotations": [],
        "type": "AzureDatabricks",
        "typeProperties": {
            "domain": "https://adb-1495036026406108.8.azuredatabricks.net",
            "accessToken": {
                "type": "AzureKeyVaultSecret",
                "store": {
                    "referenceName": "AzureKeyVault1",
                    "type": "LinkedServiceReference"
                },
                "secretName": "DataBricskAccessTockenOfWorkspace1"
            },
            "existingClusterId": "1229-062459-vxyum3zo"
        }
    }
}