{
    "name": "AzureSqlDatabase1",
    "type": "Microsoft.DataFactory/factories/linkedservices",
    "properties": {
        "annotations": [],
        "type": "AzureSqlDatabase",
        "typeProperties": {
            "server": "sqlserver18dec.database.windows.net",
            "database": "database18dec",
            "encrypt": "mandatory",
            "trustServerCertificate": false,
            "authenticationType": "SQL",
            "userName": "sqlserver",
            "password": {
                "type": "AzureKeyVaultSecret",
                "store": {
                    "referenceName": "AzureKeyVault1",
                    "type": "LinkedServiceReference"
                },
                "secretName": "sqlpwd"
            }
        }
    }
}