{
    "now": "2025-01-01T12:42:24.823Z",
    "perfNow": 7187118.1000000015,
    "diagnosticCorrelation": "473b863d-9a33-4424-a49c-0440ee763b2b",
    "source": "DownloadSupportFiles",
    "environment": {
        "productName": "adf",
        "buildVersion": "1.0.110124.1",
        "environmentType": 3,
        "resourceName": "ADF15december",
        "resourceRegion": "uksouth",
        "resourceGroup": "PatelGreenCoconaut",
        "subscriptionId": "5fefa871-5c15-4eb1-ac78-adb0dda0522e",
        "sessionId": "V5PoEKYFx8lMfujGRJyQNe",
        "operationId": "",
        "gitType": "live",
        "loggingKey": "02c90341-8f14-4066-8321-3c648a0c28d1"
    },
    "additionalInfo": {
        "selectedResource": "RetailDataAnalytics",
        "selectedResourceType": "pipeline"
    }
}