{
    "name": "Json1",
    "properties": {
        "linkedServiceName": {
            "referenceName": "Lsgen2lake",
            "type": "LinkedServiceReference"
        },
        "parameters": {
            "folder": {
                "type": "string"
            },
            "file": {
                "type": "string"
            }
        },
        "annotations": [],
        "type": "Json",
        "typeProperties": {
            "location": {
                "type": "AzureBlobFSLocation",
                "fileName": {
                    "value": "@dataset().file",
                    "type": "Expression"
                },
                "folderPath": {
                    "value": "@concat('Raw/BV/',dataset().folder)",
                    "type": "Expression"
                },
                "fileSystem": "container18dec"
            }
        },
        "schema": {}
    },
    "type": "Microsoft.DataFactory/factories/datasets"
}