{
    "name": "RetailDataAnalytics",
    "properties": {
        "activities": [
            {
                "name": "Lookup1",
                "type": "Lookup",
                "dependsOn": [],
                "policy": {
                    "timeout": "0.12:00:00",
                    "retry": 0,
                    "retryIntervalInSeconds": 30,
                    "secureOutput": false,
                    "secureInput": false
                },
                "userProperties": [],
                "typeProperties": {
                    "source": {
                        "type": "AzureSqlSource",
                        "queryTimeout": "02:00:00",
                        "partitionOption": "None"
                    },
                    "dataset": {
                        "referenceName": "AzureSqlTable1",
                        "type": "DatasetReference"
                    },
                    "firstRowOnly": false
                }
            },
            {
                "name": "ForEach1",
                "type": "ForEach",
                "dependsOn": [
                    {
                        "activity": "Lookup1",
                        "dependencyConditions": [
                            "Succeeded"
                        ]
                    }
                ],
                "userProperties": [],
                "typeProperties": {
                    "items": {
                        "value": "@activity('Lookup1').output.value",
                        "type": "Expression"
                    },
                    "isSequential": true,
                    "activities": [
                        {
                            "name": "getTableName",
                            "type": "SetVariable",
                            "dependsOn": [],
                            "policy": {
                                "secureOutput": false,
                                "secureInput": false
                            },
                            "userProperties": [],
                            "typeProperties": {
                                "variableName": "tablename",
                                "value": {
                                    "value": "@item().table_name",
                                    "type": "Expression"
                                }
                            }
                        },
                        {
                            "name": "getIncrementalcol",
                            "type": "SetVariable",
                            "dependsOn": [
                                {
                                    "activity": "getTableName",
                                    "dependencyConditions": [
                                        "Succeeded"
                                    ]
                                }
                            ],
                            "policy": {
                                "secureOutput": false,
                                "secureInput": false
                            },
                            "userProperties": [],
                            "typeProperties": {
                                "variableName": "incrementalcol",
                                "value": {
                                    "value": "@item().incremental_col",
                                    "type": "Expression"
                                }
                            }
                        },
                        {
                            "name": "getIngetiondt",
                            "type": "SetVariable",
                            "dependsOn": [
                                {
                                    "activity": "getIncrementalcol",
                                    "dependencyConditions": [
                                        "Succeeded"
                                    ]
                                }
                            ],
                            "policy": {
                                "secureOutput": false,
                                "secureInput": false
                            },
                            "userProperties": [],
                            "typeProperties": {
                                "variableName": "ingetiondt",
                                "value": {
                                    "value": "@item().ingestion_dt",
                                    "type": "Expression"
                                }
                            }
                        },
                        {
                            "name": "getFolderName",
                            "type": "SetVariable",
                            "dependsOn": [
                                {
                                    "activity": "getIngetiondt",
                                    "dependencyConditions": [
                                        "Succeeded"
                                    ]
                                }
                            ],
                            "policy": {
                                "secureOutput": false,
                                "secureInput": false
                            },
                            "userProperties": [],
                            "typeProperties": {
                                "variableName": "foldername",
                                "value": {
                                    "value": "@variables('tablename')",
                                    "type": "Expression"
                                }
                            }
                        },
                        {
                            "name": "getFileName",
                            "type": "SetVariable",
                            "dependsOn": [
                                {
                                    "activity": "getFolderName",
                                    "dependencyConditions": [
                                        "Succeeded"
                                    ]
                                }
                            ],
                            "policy": {
                                "secureOutput": false,
                                "secureInput": false
                            },
                            "userProperties": [],
                            "typeProperties": {
                                "variableName": "filename",
                                "value": {
                                    "value": "@concat(variables('tablename'),'_',formatDateTime(variables('ingetiondt'),'ddMMyyyy'),'.json')",
                                    "type": "Expression"
                                }
                            }
                        }
                    ]
                }
            },
            {
                "name": "Qury",
                "type": "SetVariable",
                "dependsOn": [
                    {
                        "activity": "ForEach1",
                        "dependencyConditions": [
                            "Succeeded"
                        ]
                    }
                ],
                "policy": {
                    "secureOutput": false,
                    "secureInput": false
                },
                "userProperties": [],
                "typeProperties": {
                    "variableName": "qury",
                    "value": {
                        "value": "@concat('SELECT * FROM ',variables('tablename'),' WHERE ',variables('incrementalcol'),' = ','''',variables('ingetiondt'),'''')",
                        "type": "Expression"
                    }
                }
            },
            {
                "name": "Copy data1",
                "type": "Copy",
                "dependsOn": [
                    {
                        "activity": "Qury",
                        "dependencyConditions": [
                            "Succeeded"
                        ]
                    }
                ],
                "policy": {
                    "timeout": "0.12:00:00",
                    "retry": 0,
                    "retryIntervalInSeconds": 30,
                    "secureOutput": false,
                    "secureInput": false
                },
                "userProperties": [],
                "typeProperties": {
                    "source": {
                        "type": "AzureSqlSource",
                        "sqlReaderQuery": {
                            "value": "@variables('qury')",
                            "type": "Expression"
                        },
                        "queryTimeout": "02:00:00",
                        "partitionOption": "None"
                    },
                    "sink": {
                        "type": "JsonSink",
                        "storeSettings": {
                            "type": "AzureBlobFSWriteSettings"
                        },
                        "formatSettings": {
                            "type": "JsonWriteSettings"
                        }
                    },
                    "enableStaging": false
                },
                "inputs": [
                    {
                        "referenceName": "AzureSqlTable1",
                        "type": "DatasetReference"
                    }
                ],
                "outputs": [
                    {
                        "referenceName": "Json1",
                        "type": "DatasetReference",
                        "parameters": {
                            "folder": {
                                "value": "@variables('foldername')",
                                "type": "Expression"
                            },
                            "file": {
                                "value": "@variables('filename')",
                                "type": "Expression"
                            }
                        }
                    }
                ]
            },
            {
                "name": "Notebook1",
                "type": "DatabricksNotebook",
                "dependsOn": [
                    {
                        "activity": "Copy data1",
                        "dependencyConditions": [
                            "Succeeded"
                        ]
                    }
                ],
                "policy": {
                    "timeout": "0.12:00:00",
                    "retry": 0,
                    "retryIntervalInSeconds": 30,
                    "secureOutput": false,
                    "secureInput": false
                },
                "userProperties": [],
                "typeProperties": {
                    "notebookPath": "/ProjectDataAnalytics/RetailDataAnalytics 2024-12-19 14:57:20",
                    "baseParameters": {
                        "tablename": {
                            "value": "@variables('tablename')",
                            "type": "Expression"
                        }
                    }
                },
                "linkedServiceName": {
                    "referenceName": "AzureDatabricks1",
                    "type": "LinkedServiceReference"
                }
            },
            {
                "name": "Stored procedure1",
                "type": "SqlServerStoredProcedure",
                "dependsOn": [
                    {
                        "activity": "Notebook1",
                        "dependencyConditions": [
                            "Succeeded"
                        ]
                    }
                ],
                "policy": {
                    "timeout": "0.12:00:00",
                    "retry": 0,
                    "retryIntervalInSeconds": 30,
                    "secureOutput": false,
                    "secureInput": false
                },
                "userProperties": [],
                "typeProperties": {
                    "storedProcedureName": "[dbo].[updateingestiondt]",
                    "storedProcedureParameters": {
                        "ingestiondt": {
                            "value": {
                                "value": "@variables('ingetiondt')",
                                "type": "Expression"
                            },
                            "type": "String"
                        },
                        "tablename": {
                            "value": {
                                "value": "@variables('tablename')",
                                "type": "Expression"
                            },
                            "type": "String"
                        }
                    }
                },
                "linkedServiceName": {
                    "referenceName": "AzureSqlDatabase1",
                    "type": "LinkedServiceReference"
                }
            }
        ],
        "variables": {
            "tablename": {
                "type": "String"
            },
            "incrementalcol": {
                "type": "String"
            },
            "ingetiondt": {
                "type": "String"
            },
            "qury": {
                "type": "String"
            },
            "foldername": {
                "type": "String"
            },
            "filename": {
                "type": "String"
            }
        },
        "annotations": [],
        "lastPublishTime": "2024-12-31T06:22:07Z"
    },
    "type": "Microsoft.DataFactory/factories/pipelines"
}